{"npml": 10, "dl": 5e-08, "ff": 0.5, "lambda0": 1.55e-06, "omega0": 1215259076214145.5, "k0": 4053667.940115862, "neff_teeth": 2.846, "neff_hole": 2.534, "theta_deg": 20, "theta": 0.3490658503988659, "spc": 1.5e-06, "h0": 2.2e-07, "h1": 1.5e-07, "subs": 1.5e-06, "num_teeth": 11, "sigma": 4e-14, "total_time": 1.9e-12, "t0": 2.8e-13, "sub_index": 1.44, "grating_index": 3.48, "sub_eps": 2.0736, "grating_eps": 12.1104, "coupling_efficiency": 0.11276219084098704}